{"name":"Complete purchase for \u003cuserKey\u003e with checkout index \u003cindex\u003e","id":"demoblaze-purchase-flow;complete-purchase-for-\u003cuserkey\u003e-with-checkout-index-\u003cindex\u003e","scenarioId":"classpath:features/purchase/demoblaze_purchase:Complete purchase for \u003cuserKey\u003e with checkout index \u003cindex\u003e","methodName":"Complete purchase for \u003cuserKey\u003e with checkout index \u003cindex\u003e","testSteps":[{"number":1,"description":"1: Complete purchase for demo_user with checkout index 0 ({userKey\u003ddemo_user, index\u003d0})","duration":0,"startTime":"2026-02-02T03:07:29.146135500-05:00[America/Guayaquil]","precondition":false,"level":0,"lineNumber":13,"children":[{"number":2,"description":"Given I open demoblaze home","duration":5015,"startTime":"2026-02-02T03:07:29.250122100-05:00[America/Guayaquil]","screenshots":[{"screenshot":"f9ba5f0253e1b9945bb566d6ababc79e9b9aa10cd035ad87784a60461b766bd6.png","timeStamp":1770019654273,"screenshotName":"f9ba5f0253e1b9945bb566d6ababc79e9b9aa10cd035ad87784a60461b766bd6.png"}],"result":"SUCCESS","precondition":false,"level":1,"children":[{"number":3,"description":"demo user opens the browser at https://www.demoblaze.com/","duration":4803,"startTime":"2026-02-02T03:07:29.454865600-05:00[America/Guayaquil]","screenshots":[{"screenshot":"f9ba5f0253e1b9945bb566d6ababc79e9b9aa10cd035ad87784a60461b766bd6.png","timeStamp":1770019654257,"screenshotName":"f9ba5f0253e1b9945bb566d6ababc79e9b9aa10cd035ad87784a60461b766bd6.png"}],"result":"SUCCESS","precondition":false,"level":2}]},{"number":4,"description":"When I add the listed products for demoblaze user \"demo_user\"","duration":2011,"startTime":"2026-02-02T03:07:34.275446700-05:00[America/Guayaquil]","screenshots":[{"screenshot":"e4276acf82ee03e823a2d02738b4a9b07474bfeb3367638596a16fd5275fe6bc.png","timeStamp":1770019656291,"screenshotName":"e4276acf82ee03e823a2d02738b4a9b07474bfeb3367638596a16fd5275fe6bc.png"}],"result":"SUCCESS","precondition":false,"level":1,"children":[{"number":5,"description":"demo user adds product to cart","duration":1772,"startTime":"2026-02-02T03:07:34.514147-05:00[America/Guayaquil]","screenshots":[{"screenshot":"e4276acf82ee03e823a2d02738b4a9b07474bfeb3367638596a16fd5275fe6bc.png","timeStamp":1770019656286,"screenshotName":"e4276acf82ee03e823a2d02738b4a9b07474bfeb3367638596a16fd5275fe6bc.png"}],"result":"SUCCESS","precondition":false,"level":2,"children":[{"number":6,"description":"demo user clicks on product link for Samsung galaxy s6","duration":1094,"startTime":"2026-02-02T03:07:34.563618600-05:00[America/Guayaquil]","screenshots":[{"screenshot":"31bba2c5d80ef2c7532f32df627be46a631213327837d7388a5e1dc09d27a137.png","timeStamp":1770019655658,"screenshotName":"31bba2c5d80ef2c7532f32df627be46a631213327837d7388a5e1dc09d27a137.png"}],"result":"SUCCESS","precondition":false,"level":3},{"number":7,"description":"demo user clicks on add to cart button","duration":587,"startTime":"2026-02-02T03:07:35.661439700-05:00[America/Guayaquil]","screenshots":[{"screenshot":"e4276acf82ee03e823a2d02738b4a9b07474bfeb3367638596a16fd5275fe6bc.png","timeStamp":1770019656249,"screenshotName":"e4276acf82ee03e823a2d02738b4a9b07474bfeb3367638596a16fd5275fe6bc.png"}],"result":"SUCCESS","precondition":false,"level":3},{"number":8,"description":"Demo user accept alert interaction","duration":13,"startTime":"2026-02-02T03:07:36.267176700-05:00[America/Guayaquil]","screenshots":[{"screenshot":"e4276acf82ee03e823a2d02738b4a9b07474bfeb3367638596a16fd5275fe6bc.png","timeStamp":1770019656281,"screenshotName":"e4276acf82ee03e823a2d02738b4a9b07474bfeb3367638596a16fd5275fe6bc.png"}],"result":"SUCCESS","precondition":false,"level":3}]}]},{"number":9,"description":"And I view my demoblaze cart","duration":1,"startTime":"2026-02-02T03:07:36.291182600-05:00[America/Guayaquil]","screenshots":[{"screenshot":"e4276acf82ee03e823a2d02738b4a9b07474bfeb3367638596a16fd5275fe6bc.png","timeStamp":1770019656295,"screenshotName":"e4276acf82ee03e823a2d02738b4a9b07474bfeb3367638596a16fd5275fe6bc.png"}],"result":"SUCCESS","precondition":false,"level":1},{"number":10,"description":"And I place order for demoblaze user \"demo_user\" and index 0","duration":3845,"startTime":"2026-02-02T03:07:36.295713300-05:00[America/Guayaquil]","precondition":false,"level":1,"lineNumber":13,"children":[{"number":11,"description":"demo user places an order","duration":549,"startTime":"2026-02-02T03:07:36.310889600-05:00[America/Guayaquil]","screenshots":[{"screenshot":"d309eb53a97ca01eb00361dec32b806d2971fe8df94a6838e6c75ed383d0e74e.png","timeStamp":1770019657084,"screenshotName":"d309eb53a97ca01eb00361dec32b806d2971fe8df94a6838e6c75ed383d0e74e.png"}],"precondition":false,"level":2,"children":[{"number":12,"description":"demo user clicks on cart link","duration":509,"startTime":"2026-02-02T03:07:36.344735800-05:00[America/Guayaquil]","screenshots":[{"screenshot":"d309eb53a97ca01eb00361dec32b806d2971fe8df94a6838e6c75ed383d0e74e.png","htmlSource":"pagesource5338971875739429330.html","timeStamp":1770019656854,"screenshotName":"d309eb53a97ca01eb00361dec32b806d2971fe8df94a6838e6c75ed383d0e74e.png"}],"exception":{"errorType":"org.openqa.selenium.UnhandledAlertException","message":"unexpected alert open: {Alert text : Product added}\n  (Session info: chrome\u003d144.0.7559.110): Product added\nBuild info: version: \u00274.27.0\u0027, revision: \u0027d6e718d134\u0027\nSystem info: os.name: \u0027Windows 11\u0027, os.arch: \u0027amd64\u0027, os.version: \u002710.0\u0027, java.version: \u002719.0.2\u0027\nDriver info: org.openqa.selenium.chrome.ChromeDriver\nCommand: [c3c68a15c1350bc51a331b8eab041380, findElement {value\u003d#cartur, using\u003dcss selector}]\nCapabilities {acceptInsecureCerts: false, browserName: chrome, browserVersion: 144.0.7559.110, chrome: {chromedriverVersion: 144.0.7559.109 (6a8d5e49388..., userDataDir: C:\\Users\\LENOVO~1.USE\\AppDa...}, fedcm:accounts: true, goog:chromeOptions: {debuggerAddress: localhost:64925}, goog:processID: 5468, networkConnectionEnabled: false, pageLoadStrategy: normal, platformName: windows, proxy: Proxy(), se:cdp: ws://localhost:64925/devtoo..., se:cdpVersion: 144.0.7559.110, setWindowRect: true, strictFileInteractability: false, timeouts: {implicit: 0, pageLoad: 300000, script: 30000}, unhandledPromptBehavior: dismiss and notify, webauthn:extension:credBlob: true, webauthn:extension:largeBlob: true, webauthn:extension:minPinLength: true, webauthn:extension:prf: true, webauthn:virtualAuthenticators: true}\nSession ID: c3c68a15c1350bc51a331b8eab041380","stackTrace":[{"declaringClass":"starter.demoblaze.tasks.PlaceOrder","methodName":"lambda$withInfo$0","fileName":"PlaceOrder.java","lineNumber":15},{"declaringClass":"starter.demoblaze.stepdefinitions.DemoblazeStepDefinitions","methodName":"i_place_order_for_user","fileName":"DemoblazeStepDefinitions.java","lineNumber":64}]},"result":"ERROR","precondition":false,"level":3}]}]},{"number":13,"description":"Then I should see the demoblaze confirmation for user \"demo_user\"","duration":2510,"startTime":"2026-02-02T03:07:37.085054600-05:00[America/Guayaquil]","screenshots":[{"screenshot":"c64ac3e7090a49fd80ff04b640d9faae69c2e844881bdd0440302636dfadd22b.png","timeStamp":1770019659598,"screenshotName":"c64ac3e7090a49fd80ff04b640d9faae69c2e844881bdd0440302636dfadd22b.png"}],"result":"SUCCESS","precondition":false,"level":1,"children":[{"number":14,"description":"demo user should see  that contains: \u003c[Thank you for your purchase!]\u003e","duration":2165,"startTime":"2026-02-02T03:07:37.181647800-05:00[America/Guayaquil]","screenshots":[{"screenshot":"c64ac3e7090a49fd80ff04b640d9faae69c2e844881bdd0440302636dfadd22b.png","timeStamp":1770019659591,"screenshotName":"c64ac3e7090a49fd80ff04b640d9faae69c2e844881bdd0440302636dfadd22b.png"}],"result":"SUCCESS","precondition":false,"level":2}]}]}],"userStory":{"id":"classpath:features/purchase/demoblaze_purchase","storyName":"Demoblaze Purchase Flow","displayName":"Demoblaze Purchase Flow","path":"purchase/demoblaze_purchase","pathElements":[{"name":"purchase","description":""},{"name":"demoblaze_purchase","description":""}],"type":"feature"},"title":"Complete purchase for \u003cuserKey\u003e with checkout index \u003cindex\u003e","description":"","tags":[{"name":"Chrome","type":"context","displayName":"Chrome"},{"name":"Windows","type":"context","displayName":"Windows"},{"name":"demoblaze","type":"tag","displayName":"demoblaze"},{"name":"Chrome, Windows","type":"context","displayName":"Chrome, Windows"}],"startTime":"2026-02-02T03:07:29.133493600-05:00[America/Guayaquil]","endTime":"2026-02-02T03:07:39.602908600-05:00[America/Guayaquil]","duration":10469,"testFailureCause":{"errorType":"org.openqa.selenium.UnhandledAlertException","message":"unexpected alert open: {Alert text : Product added}\n  (Session info: chrome\u003d144.0.7559.110): Product added\nBuild info: version: \u00274.27.0\u0027, revision: \u0027d6e718d134\u0027\nSystem info: os.name: \u0027Windows 11\u0027, os.arch: \u0027amd64\u0027, os.version: \u002710.0\u0027, java.version: \u002719.0.2\u0027\nDriver info: org.openqa.selenium.chrome.ChromeDriver\nCommand: [c3c68a15c1350bc51a331b8eab041380, findElement {value\u003d#cartur, using\u003dcss selector}]\nCapabilities {acceptInsecureCerts: false, browserName: chrome, browserVersion: 144.0.7559.110, chrome: {chromedriverVersion: 144.0.7559.109 (6a8d5e49388..., userDataDir: C:\\Users\\LENOVO~1.USE\\AppDa...}, fedcm:accounts: true, goog:chromeOptions: {debuggerAddress: localhost:64925}, goog:processID: 5468, networkConnectionEnabled: false, pageLoadStrategy: normal, platformName: windows, proxy: Proxy(), se:cdp: ws://localhost:64925/devtoo..., se:cdpVersion: 144.0.7559.110, setWindowRect: true, strictFileInteractability: false, timeouts: {implicit: 0, pageLoad: 300000, script: 30000}, unhandledPromptBehavior: dismiss and notify, webauthn:extension:credBlob: true, webauthn:extension:largeBlob: true, webauthn:extension:minPinLength: true, webauthn:extension:prf: true, webauthn:virtualAuthenticators: true}\nSession ID: c3c68a15c1350bc51a331b8eab041380","stackTrace":[{"declaringClass":"starter.demoblaze.tasks.PlaceOrder","methodName":"lambda$withInfo$0","fileName":"PlaceOrder.java","lineNumber":15},{"declaringClass":"starter.demoblaze.stepdefinitions.DemoblazeStepDefinitions","methodName":"i_place_order_for_user","fileName":"DemoblazeStepDefinitions.java","lineNumber":64}]},"testFailureClassname":"org.openqa.selenium.UnhandledAlertException","testFailureMessage":"unexpected alert open: {Alert text : Product added}\n  (Session info: chrome\u003d144.0.7559.110): Product added\nBuild info: version: \u00274.27.0\u0027, revision: \u0027d6e718d134\u0027\nSystem info: os.name: \u0027Windows 11\u0027, os.arch: \u0027amd64\u0027, os.version: \u002710.0\u0027, java.version: \u002719.0.2\u0027\nDriver info: org.openqa.selenium.chrome.ChromeDriver\nCommand: [c3c68a15c1350bc51a331b8eab041380, findElement {value\u003d#cartur, using\u003dcss selector}]\nCapabilities {acceptInsecureCerts: false, browserName: chrome, browserVersion: 144.0.7559.110, chrome: {chromedriverVersion: 144.0.7559.109 (6a8d5e49388..., userDataDir: C:\\Users\\LENOVO~1.USE\\AppDa...}, fedcm:accounts: true, goog:chromeOptions: {debuggerAddress: localhost:64925}, goog:processID: 5468, networkConnectionEnabled: false, pageLoadStrategy: normal, platformName: windows, proxy: Proxy(), se:cdp: ws://localhost:64925/devtoo..., se:cdpVersion: 144.0.7559.110, setWindowRect: true, strictFileInteractability: false, timeouts: {implicit: 0, pageLoad: 300000, script: 30000}, unhandledPromptBehavior: dismiss and notify, webauthn:extension:credBlob: true, webauthn:extension:largeBlob: true, webauthn:extension:minPinLength: true, webauthn:extension:prf: true, webauthn:virtualAuthenticators: true}\nSession ID: c3c68a15c1350bc51a331b8eab041380","testFailureSummary":"ERROR;org.openqa.selenium.UnhandledAlertException;unexpected alert open: {Alert text : Product added}\n  (Session info: chrome\u003d144.0.7559.110): Product added\nBuild info: version: \u00274.27.0\u0027, revision: \u0027d6e718d134\u0027\nSystem info: os.name: \u0027Windows 11\u0027, os.arch: \u0027amd64\u0027, os.version: \u002710.0\u0027, java.version: \u002719.0.2\u0027\nDriver info: org.openqa.selenium.chrome.ChromeDriver\nCommand: [c3c68a15c1350bc51a331b8eab041380, findElement {value\u003d#cartur, using\u003dcss selector}]\nCapabilities {acceptInsecureCerts: false, browserName: chrome, browserVersion: 144.0.7559.110, chrome: {chromedriverVersion: 144.0.7559.109 (6a8d5e49388..., userDataDir: C:\\Users\\LENOVO~1.USE\\AppDa...}, fedcm:accounts: true, goog:chromeOptions: {debuggerAddress: localhost:64925}, goog:processID: 5468, networkConnectionEnabled: false, pageLoadStrategy: normal, platformName: windows, proxy: Proxy(), se:cdp: ws://localhost:64925/devtoo..., se:cdpVersion: 144.0.7559.110, setWindowRect: true, strictFileInteractability: false, timeouts: {implicit: 0, pageLoad: 300000, script: 30000}, unhandledPromptBehavior: dismiss and notify, webauthn:extension:credBlob: true, webauthn:extension:largeBlob: true, webauthn:extension:minPinLength: true, webauthn:extension:prf: true, webauthn:virtualAuthenticators: true}\nSession ID: c3c68a15c1350bc51a331b8eab041380;PlaceOrder.java","projectKey":"","annotatedResult":"ERROR","driver":"chrome:demo user","isManualTestingUpToDate":false,"context":"chrome,windows","dataTable":{"headers":["userKey","index"],"rows":[{"values":["demo_user","0"],"lineNumber":13,"result":"ERROR"}],"predefinedRows":true,"scenarioOutline":"Given I open demoblaze home\n\rWhen I add the listed products for demoblaze user \"\u003cuserKey\u003e\"\n\rAnd I view my demoblaze cart\n\rAnd I place order for demoblaze user \"\u003cuserKey\u003e\" and index \u003cindex\u003e\n\rThen I should see the demoblaze confirmation for user \"\u003cuserKey\u003e\"\n\r","dataSetDescriptors":[{"startRow":0,"rowCount":0,"name":"","description":""}]},"manual":false,"testSource":"Cucumber","actors":[{"name":"demo user"}],"result":"ERROR","scenarioOutline":"Given I open demoblaze home\r\nWhen I add the listed products for demoblaze user \"\u003cuserKey\u003e\"\r\nAnd I view my demoblaze cart\r\nAnd I place order for demoblaze user \"\u003cuserKey\u003e\" and index \u003cindex\u003e\r\nThen I should see the demoblaze confirmation for user \"\u003cuserKey\u003e\""}